,id,name,year,run_time,genre,rating,about,director,actors,votes,gross
0,1,The Shawshank Redemption,1994,142 min,Drama            ,9.3," the course of several years, two convicts form a friendship, seeking consolation and, eventually, redemption through basic compassion.",Frank Darabont ,"Tim Robbins, Morgan Freeman, Bob Gunton, William Sadler",2759717,$28.34M
1,2,The Godfather,1972,175 min,"Crime, Drama            ",9.2,"Vito Corleone, head of a mafia family, decides to hand over his empire to his youngest son Michael. However, his decision unintentionally puts the lives of his loved ones in grave danger.",Francis Ford Coppola ,"Marlon Brando, Al Pacino, James Caan, Diane Keaton",1920455,$134.97M
2,3,The Dark Knight,2008,152 min,"Action, Crime, Drama            ",9," the menace known as the Joker wreaks havoc and chaos on the people of Gotham, Batman must accept one of the greatest psychological and physical tests of his ability to fight injustice.",Christopher Nolan ,"Christian Bale, Heath Ledger, Aaron Eckhart, Michael Caine",2732715,$534.86M
3,4,The Godfather Part II,1974,202 min,"Crime, Drama            ",9,"early life and career of Vito Corleone in 1920s New York City is portrayed, while his son, Michael, expands and tightens his grip on the family crime syndicate.",Francis Ford Coppola ,"Al Pacino, Robert De Niro, Robert Duvall, Diane Keaton",1306986,$57.30M
4,5,Pulp Fiction,1994,154 min,"Crime, Drama            ",8.9,"lives of two mob hitmen, a boxer, a gangster and his wife, and a pair of diner bandits intertwine in four tales of violence and redemption.",Quentin Tarantino ,"John Travolta, Uma Thurman, Samuel L. Jackson, Bruce Willis",2118833,$107.93M
5,6,Schindler's List,1993,195 min,"Biography, Drama, History            ",9,"erman-occupied Poland during World War II, industrialist Oskar Schindler gradually becomes concerned for his Jewish workforce after witnessing their persecution by the Nazis.",Steven Spielberg ,"Liam Neeson, Ralph Fiennes, Ben Kingsley, Caroline Goodall",1390695,$96.90M
6,7,The Lord of the Rings: The Return of the King,2003,201 min,"Action, Adventure, Drama            ",9,alf and Aragorn lead the World of Men against Sauron's army to draw his gaze from Frodo and Sam as they approach Mount Doom with the One Ring.,Peter Jackson ,"Elijah Wood, Viggo Mortensen, Ian McKellen, Orlando Bloom",1894765,$377.85M
7,8,12 Angry Men,1957,96 min,"Crime, Drama            ",9,jury in a New York City murder trial is frustrated by a single member whose skeptical caution forces them to more carefully consider the evidence before jumping to a hasty verdict.,Sidney Lumet ,"Henry Fonda, Lee J. Cobb, Martin Balsam, John Fiedler",817760,$4.36M
8,9,"Il buono, il brutto, il cattivo",1966,161 min,"Adventure, Western            ",8.8,unty hunting scam joins two men in an uneasy alliance against a third in a race to find a fortune in gold buried in a remote cemetery.,Sergio Leone ,"Clint Eastwood, Eli Wallach, Lee Van Cleef, Aldo Giuffrè",780402,$6.10M
9,10,Forrest Gump,1994,142 min,"Drama, Romance            ",8.8,"history of the United States from the 1950s to the '70s unfolds from the perspective of an Alabama man with an IQ of 75, who yearns to be reunited with his childhood sweetheart.",Robert Zemeckis ,"Tom Hanks, Robin Wright, Gary Sinise, Sally Field",2146584,$330.25M
10,11,Inception,2010,148 min,"Action, Adventure, Sci-Fi            ",8.8,"ief who steals corporate secrets through the use of dream-sharing technology is given the inverse task of planting an idea into the mind of a C.E.O., but his tragic past may doom the project and his team to disaster.",Christopher Nolan ,"Leonardo DiCaprio, Joseph Gordon-Levitt, Elliot Page, Ken Watanabe",2425082,$292.58M
11,12,The Lord of the Rings: The Fellowship of the Ring,2001,178 min,"Action, Adventure, Drama            ",8.8,ek Hobbit from the Shire and eight companions set out on a journey to destroy the powerful One Ring and save Middle-earth from the Dark Lord Sauron.,Peter Jackson ,"Elijah Wood, Ian McKellen, Orlando Bloom, Sean Bean",1923192,$315.54M
12,13,Fight Club,1999,139 min,Drama            ,8.8,nsomniac office worker and a devil-may-care soap maker form an underground fight club that evolves into much more.,David Fincher ,"Brad Pitt, Edward Norton, Meat Loaf, Zach Grenier",2197327,$37.03M
13,14,Dangal,2016,161 min,"Action, Biography, Drama            ",8.3,er wrestler Mahavir Singh Phogat and his two wrestler daughters struggle towards glory at the Commonwealth Games in the face of societal oppression.,Nitesh Tiwari ,"Aamir Khan, Sakshi Tanwar, Fatima Sana Shaikh, Sanya Malhotra",198406,$12.39M
14,15,Star Wars: Episode V - The Empire Strikes Back,1980,124 min,"Action, Adventure, Fantasy            ",8.7,"r the Rebels are overpowered by the Empire, Luke Skywalker begins his Jedi training with Yoda, while his friends are pursued across the galaxy by Darth Vader and bounty hunter Boba Fett.",Irvin Kershner ,"Mark Hamill, Harrison Ford, Carrie Fisher, Billy Dee Williams",1326732,$290.48M
15,16,Star Wars,1977,121 min,"Action, Adventure, Fantasy            ",8.6," Skywalker joins forces with a Jedi Knight, a cocky pilot, a Wookiee and two droids to save the galaxy from the Empire's world-destroying battle station, while also attempting to rescue Princess Leia from the mysterious Darth Vader.",George Lucas ,"Mark Hamill, Harrison Ford, Carrie Fisher, Alec Guinness",1398976,$322.74M
16,17,The Matrix,1999,136 min,"Action, Sci-Fi            ",8.7," a beautiful stranger leads computer hacker Neo to a forbidding underworld, he discovers the shocking truth--the life he knows is the elaborate deception of an evil cyber-intelligence.","Lana Wachowski, Lilly Wachowski ","Keanu Reeves, Laurence Fishburne, Carrie-Anne Moss, Hugo Weaving",1966482,$171.48M
17,18,GoodFellas,1990,145 min,"Biography, Crime, Drama            ",8.7,"story of Henry Hill and his life in the mafia, covering his relationship with his wife Karen and his mob partners Jimmy Conway and Tommy DeVito.",Martin Scorsese ,"Robert De Niro, Ray Liotta, Joe Pesci, Lorraine Bracco",1197813,$46.84M
18,19,One Flew Over the Cuckoo's Nest,1975,133 min,Drama            ,8.7,"he Fall of 1963, a Korean War veteran and criminal pleads insanity and is admitted to a mental institution, where he rallies up the scared patients against the tyrannical nurse.",Milos Forman ,"Jack Nicholson, Louise Fletcher, Michael Berryman, Peter Brocco",1032439,$112.00M
19,20,Cidade de Deus,2002,130 min,"Crime, Drama            ",8.6,"he slums of Rio, two kids' paths diverge as one struggles to become a photographer and the other a kingpin.","Fernando Meirelles, Kátia Lund ","Alexandre Rodrigues, Leandro Firmino, Matheus Nachtergaele, Phellipe Haagensen",773640,$7.56M
20,21,The Lord of the Rings: The Two Towers,2002,179 min,"Action, Adventure, Drama            ",8.8,"e Frodo and Sam edge closer to Mordor with the help of the shifty Gollum, the divided fellowship makes a stand against Sauron's new ally, Saruman, and his hordes of Isengard.",Peter Jackson ,"Elijah Wood, Ian McKellen, Viggo Mortensen, Orlando Bloom",1709958,$342.55M
21,22,Shichinin no samurai,1954,207 min,"Action, Drama            ",8.6,"ers from a village exploited by bandits hire a veteran samurai for protection, who gathers six other samurai to join him.",Akira Kurosawa ,"Toshirô Mifune, Takashi Shimura, Keiko Tsushima, Yukiko Shimazaki",354151,$0.27M
22,23,Interstellar,2014,169 min,"Adventure, Drama, Sci-Fi            ",8.7," Earth becomes uninhabitable in the future, a farmer and ex-NASA pilot, Joseph Cooper, is tasked to pilot a spacecraft, along with a team of researchers, to find a new planet for humans.",Christopher Nolan ,"Matthew McConaughey, Anne Hathaway, Jessica Chastain, Mackenzie Foy",1927668,$188.02M
23,24,Kimi no na wa.,2016,106 min,"Animation, Drama, Fantasy            ",8.4,"teenagers share a profound, magical connection upon discovering they are swapping bodies. Things manage to become even more complicated when the boy and girl decide to meet in person.",Makoto Shinkai ,"Ryunosuke Kamiki, Mone Kamishiraishi, Ryo Narita, Aoi Yûki",290019,$5.02M
24,25,The Silence of the Lambs,1991,118 min,"Crime, Drama, Thriller            ",8.6,"ung F.B.I. cadet must receive the help of an incarcerated and manipulative cannibal killer to help catch another serial killer, a madman who skins his victims.",Jonathan Demme ,"Jodie Foster, Anthony Hopkins, Lawrence A. Bonney, Kasi Lemmons",1473981,$130.74M
25,26,Léon,1994,110 min,"Action, Crime, Drama            ",8.5,"ear-old Mathilda is reluctantly taken in by Léon, a professional assassin, after her family is murdered. An unusual relationship forms as she becomes his protégée and learns the assassin's trade.",Luc Besson ,"Jean Reno, Gary Oldman, Natalie Portman, Danny Aiello",1194503,$19.50M
26,27,Se7en,1995,127 min,"Crime, Drama, Mystery            ",8.6,"detectives, a rookie and a veteran, hunt a serial killer who uses the seven deadly sins as his motives.",David Fincher ,"Morgan Freeman, Brad Pitt, Kevin Spacey, Andrew Kevin Walker",1706251,$100.13M
27,28,Saving Private Ryan,1998,169 min,"Drama, War            ",8.6,"owing the Normandy Landings, a group of U.S. soldiers go behind enemy lines to retrieve a paratrooper whose brothers have been killed in action.",Steven Spielberg ,"Tom Hanks, Matt Damon, Tom Sizemore, Edward Burns",1429609,$216.54M
28,29,The Usual Suspects,1995,106 min,"Crime, Drama, Mystery            ",8.5,sole survivor of a pier shoot-out tells the story of how a notorious criminal influenced the events that began with five criminals meeting in a seemingly random police lineup.,Bryan Singer ,"Kevin Spacey, Gabriel Byrne, Chazz Palminteri, Stephen Baldwin",1107934,$23.34M
29,30,Sen to Chihiro no kamikakushi,2001,125 min,"Animation, Adventure, Family            ",8.6,"ng her family's move to the suburbs, a sullen 10-year-old girl wanders into a world ruled by gods, witches and spirits, a world where humans are changed into beasts.",Hayao Miyazaki ,"Daveigh Chase, Suzanne Pleshette, Miyu Irino, Rumi Hiiragi",795183,$10.06M
30,31,La vita è bella,1997,116 min,"Comedy, Drama, Romance            ",8.6," an open-minded Jewish waiter and his son become victims of the Holocaust, he uses a perfect mixture of will, humor and imagination to protect his son from the dangers around their camp.",Roberto Benigni ,"Roberto Benigni, Nicoletta Braschi, Giorgio Cantarini, Giustino Durano",713924,$57.60M
31,32,The Intouchables,2011,112 min,"Biography, Comedy, Drama            ",8.5,"r he becomes a quadriplegic from a paragliding accident, an aristocrat hires a young man from the projects to be his caregiver.","Olivier Nakache, Éric Toledano ","François Cluzet, Omar Sy, Anne Le Ny, Audrey Fleurot",885398,$13.18M
32,33,Once Upon a Time in the West,1968,165 min,Western            ,8.5,sterious stranger with a harmonica joins forces with a notorious desperado to protect a beautiful widow from a ruthless assassin working for the railroad.,Sergio Leone ,"Henry Fonda, Charles Bronson, Claudia Cardinale, Jason Robards",338314,$5.32M
33,34,It's a Wonderful Life,1946,130 min,"Drama, Family, Fantasy            ",8.6,ngel is sent from Heaven to help a desperately frustrated businessman by showing him what life would have been like if he had never existed.,Frank Capra ,"James Stewart, Donna Reed, Lionel Barrymore, Thomas Mitchell",473928,
34,35,City Lights,1931,87 min,"Comedy, Drama, Romance            ",8.5," the aid of a wealthy erratic tippler, a dewy-eyed tramp who has fallen in love with a sightless flower girl accumulates money to be able to help her medically.",Charles Chaplin ,"Charles Chaplin, Virginia Cherrill, Florence Lee, Harry Myers",189241,$0.02M
35,36,Babam ve Oglum,2005,112 min,"Drama, Family            ",8.2,family of a left-wing journalist is torn apart after the military coup of Turkey in 1980.,Çagan Irmak ,"Çetin Tekindor, Fikret Kuskan, Hümeyra, Ege Tanman",88729,
36,37,Alien,1979,117 min,"Horror, Sci-Fi            ",8.5,crew of a commercial spacecraft encounter a deadly lifeform after investigating an unknown transmission.,Ridley Scott ,"Sigourney Weaver, Tom Skerritt, John Hurt, Veronica Cartwright",907302,$78.90M
37,38,The Prestige,2006,130 min,"Drama, Mystery, Sci-Fi            ",8.5,"r a tragic accident, two stage magicians in 1890s London engage in a battle to create the ultimate illusion while sacrificing everything they have to outwit each other.",Christopher Nolan ,"Christian Bale, Hugh Jackman, Scarlett Johansson, Michael Caine",1370521,$53.09M
38,39,Gladiator,2000,155 min,"Action, Adventure, Drama            ",8.5,rmer Roman General sets out to exact vengeance against the corrupt emperor who murdered his family and sent him into slavery.,Ridley Scott ,"Russell Crowe, Joaquin Phoenix, Connie Nielsen, Oliver Reed",1542514,$187.71M
39,40,The Dark Knight Rises,2012,164 min,"Action, Drama, Thriller            ",8.4,"t years after the Joker's reign of chaos, Batman is coerced out of exile with the assistance of the mysterious Selina Kyle in order to defend Gotham City from the vicious guerrilla terrorist Bane.",Christopher Nolan ,"Christian Bale, Tom Hardy, Anne Hathaway, Gary Oldman",1749489,$448.14M
40,41,Whiplash,2014,106 min,"Drama, Music            ",8.5,omising young drummer enrolls at a cut-throat music conservatory where his dreams of greatness are mentored by an instructor who will stop at nothing to realize a student's potential.,Damien Chazelle ,"Miles Teller, J.K. Simmons, Melissa Benoist, Paul Reiser",911716,$13.09M
41,42,Memento,2000,113 min,"Mystery, Thriller            ",8.4,n with short-term memory loss attempts to track down his wife's murderer.,Christopher Nolan ,"Guy Pearce, Carrie-Anne Moss, Joe Pantoliano, Mark Boone Junior",1268361,$25.54M
42,43,The Green Mile,1999,189 min,"Crime, Drama, Fantasy            ",8.6,"le set on death row in a Southern jail, where gentle giant John possesses the mysterious power to heal people's ailments. When the lead guard, Paul, recognizes John's gift, he tries to help stave off the condemned man's execution.",Frank Darabont ,"Tom Hanks, Michael Clarke Duncan, David Morse, Bonnie Hunt",1341817,$136.80M
43,44,Apocalypse Now,1979,147 min,"Drama, Mystery, War            ",8.4,S. Army officer serving in Vietnam is tasked with assassinating a renegade Special Forces Colonel who sees himself as a god.,Francis Ford Coppola ,"Martin Sheen, Marlon Brando, Robert Duvall, Frederic Forrest",684646,$83.47M
44,45,Psycho,1960,109 min,"Horror, Mystery, Thriller            ",8.5,"oenix secretary embezzles $40,000 from her employer's client, goes on the run and checks into a remote motel run by a young man under the domination of his mother.",Alfred Hitchcock ,"Anthony Perkins, Janet Leigh, Vera Miles, John Gavin",690536,$32.00M
45,46,Raiders of the Lost Ark,1981,115 min,"Action, Adventure            ",8.4,"936, archaeologist and adventurer Indiana Jones is hired by the U.S. government to find the Ark of the Covenant before the Nazis can obtain its awesome powers.",Steven Spielberg ,"Harrison Ford, Karen Allen, Paul Freeman, John Rhys-Davies",996692,$248.16M
46,47,Terminator 2: Judgment Day,1991,137 min,"Action, Sci-Fi            ",8.6,"borg, identical to the one who failed to kill Sarah Connor, must now protect her ten year old son John from an even more advanced and powerful cyborg.",James Cameron ,"Arnold Schwarzenegger, Linda Hamilton, Edward Furlong, Robert Patrick",1128211,$204.84M
47,48,The Pianist,2002,150 min,"Biography, Drama, Music            ",8.5,lish Jewish musician struggles to survive the destruction of the Warsaw ghetto of World War II.,Roman Polanski ,"Adrien Brody, Thomas Kretschmann, Frank Finlay, Emilia Fox",860605,$32.57M
48,49,The Lives of Others,2006,137 min,"Drama, Mystery, Thriller            ",8.4,"984 East Berlin, an agent of the secret police, conducting surveillance on a writer and his lover, finds himself becoming increasingly absorbed by their lives.",Florian Henckel von Donnersmarck ,"Ulrich Mühe, Martina Gedeck, Sebastian Koch, Ulrich Tukur",397803,$11.29M
49,50,Dr. Strangelove or: How I Learned to Stop Worrying and Love the Bomb,1964,95 min,"Comedy, War            ",8.4,"nsane American general orders a bombing attack on the Soviet Union, triggering a path to nuclear holocaust that a war room full of politicians and generals frantically tries to stop.",Stanley Kubrick ,"Peter Sellers, George C. Scott, Sterling Hayden, Keenan Wynn",501923,$0.28M
50,51,American History X,1998,119 min,"Crime, Drama            ",8.5,"ng a life marked by violence, neo-Nazi Derek finally goes to prison after killing two black youths. Upon his release, Derek vows to change; he hopes to prevent his brother, Danny, who idolizes Derek, from following in his footsteps.",Tony Kaye ,"Edward Norton, Edward Furlong, Beverly D'Angelo, Jennifer Lien",1147056,$6.72M
51,52,Back to the Future,1985,116 min,"Adventure, Comedy, Sci-Fi            ",8.5,"y McFly, a 17-year-old high school student, is accidentally sent 30 years into the past in a time-traveling DeLorean invented by his close friend, the maverick scientist Doc Brown.",Robert Zemeckis ,"Michael J. Fox, Christopher Lloyd, Lea Thompson, Crispin Glover",1245522,$210.61M
52,53,Casino,1995,178 min,"Crime, Drama            ",8.2,"as Vegas, two best friends - a mafia enforcer and a casino executive - compete for a gambling empire and a fast-living, fast-loving socialite.",Martin Scorsese ,"Robert De Niro, Sharon Stone, Joe Pesci, James Woods",537406,$42.44M
53,54,Die Hard,1988,132 min,"Action, Thriller            ",8.2,w York City police officer tries to save his estranged wife and several others taken hostage by terrorists during a Christmas party at the Nakatomi Plaza in Los Angeles.,John McTiernan ,"Bruce Willis, Alan Rickman, Bonnie Bedelia, Reginald VelJohnson",904322,$83.01M
54,55,The Elephant Man,1980,124 min,"Biography, Drama            ",8.2,"ctorian surgeon rescues a heavily disfigured man who is mistreated while scraping a living as a side-show freak. Behind his monstrous façade, there is revealed a person of kindness, intelligence and sophistication.",David Lynch ,"Anthony Hopkins, John Hurt, Anne Bancroft, John Gielgud",248967,
55,56,Finding Nemo,2003,100 min,"Animation, Adventure, Comedy            ",8.2,"r his son is captured in the Great Barrier Reef and taken to Sydney, a timid clownfish sets out on a journey to bring him home.","Andrew Stanton, Lee Unkrich ","Albert Brooks, Ellen DeGeneres, Alexander Gould, Willem Dafoe",1071047,$380.84M
56,57,Gran Torino,2008,116 min,Drama            ,8.1,"r a Hmong teenager tries to steal his prized 1972 Gran Torino, a disgruntled, prejudiced Korean War veteran seeks to redeem both the boy and himself.",Clint Eastwood ,"Clint Eastwood, Bee Vang, Christopher Carley, Ahney Her",791869,$148.10M
57,58,Harry Potter and the Sorcerer's Stone,2001,152 min,"Adventure, Family, Fantasy            ",7.6,"rphaned boy enrolls in a school of wizardry, where he learns the truth about himself, his family and the terrible evil that haunts the magical world.",Chris Columbus ,"Daniel Radcliffe, Rupert Grint, Richard Harris, Maggie Smith",813584,$317.58M
58,59,Indiana Jones and the Temple of Doom,1984,118 min,"Action, Adventure            ",7.5,"935, Indiana Jones is tasked by Indian villagers with reclaiming a rock stolen from them by a secret cult beneath the catacombs of an ancient palace.",Steven Spielberg ,"Harrison Ford, Kate Capshaw, Ke Huy Quan, Amrish Puri",510807,$179.87M
59,60,Jurassic Park,1993,127 min,"Action, Adventure, Sci-Fi            ",8.2,agmatic paleontologist touring an almost complete theme park on an island in Central America is tasked with protecting a couple of kids after a power failure causes the park's cloned dinosaurs to run loose.,Steven Spielberg ,"Sam Neill, Laura Dern, Jeff Goldblum, Richard Attenborough",1019748,$402.45M
60,61,Kill Bill: Vol. 1,2003,111 min,"Action, Crime, Thriller            ",8.2,"r awakening from a four-year coma, a former assassin wreaks vengeance on the team of assassins who betrayed her.",Quentin Tarantino ,"Uma Thurman, David Carradine, Daryl Hannah, Michael Madsen",1145071,$70.10M
61,62,Logan,2017,137 min,"Action, Drama, Sci-Fi            ",8.1," future where mutants are nearly extinct, an elderly and weary Logan leads a quiet life. But when Laura, a mutant child pursued by scientists, comes to him for help, he must get her to safety.",James Mangold ,"Hugh Jackman, Patrick Stewart, Dafne Keen, Boyd Holbrook",792025,$226.28M
62,63,"Monsters, Inc.",2001,92 min,"Animation, Adventure, Comedy            ",8.1,"rder to power the city, monsters have to scare children so that they scream. However, the children are toxic to the monsters, and after a child gets through, two monsters realize things may not be what they think.","Pete Docter, David Silverman, Lee Unkrich ","Billy Crystal, John Goodman, Mary Gibbs, Steve Buscemi",936624,$289.92M
63,64,Night of the Living Dead,1968,96 min,"Horror, Thriller            ",7.8,gtag group of Pennsylvanians barricade themselves in an old farmhouse to remain safe from a horde of flesh-eating ghouls that are ravaging the East Coast of the United States.,George A. Romero ,"Duane Jones, Judith O'Dea, Karl Hardman, Marilyn Eastman",133656,$0.09M
64,65,Ocean's Eleven,2001,116 min,"Crime, Thriller            ",7.7,y Ocean and his ten accomplices plan to rob three Las Vegas casinos simultaneously.,Steven Soderbergh ,"George Clooney, Brad Pitt, Julia Roberts, Matt Damon",594019,$183.42M
65,66,Pirates of the Caribbean: The Curse of the Black Pearl,2003,143 min,"Action, Adventure, Fantasy            ",8.1,"ksmith Will Turner teams up with eccentric pirate ""Captain"" Jack Sparrow to save his love, the governor's daughter, from Jack's former pirate allies, who are now undead.",Gore Verbinski ,"Johnny Depp, Geoffrey Rush, Orlando Bloom, Keira Knightley",1158748,$305.41M
66,67,Quantum of Solace,2008,106 min,"Action, Adventure, Mystery            ",6.6,s Bond descends into mystery as he tries to stop a mysterious organisation from eliminating a country's most valuable resource.,Marc Forster ,"Daniel Craig, Olga Kurylenko, Mathieu Amalric, Judi Dench",458982,$168.37M
67,68,Rocky,1976,120 min,"Drama, Sport            ",8.1,all-time Philadelphia boxer gets a supremely rare chance to fight the world heavyweight champion in a bout in which he strives to go the distance for his self-respect.,John G. Avildsen ,"Sylvester Stallone, Talia Shire, Burt Young, Carl Weathers",601469,$117.24M
68,69,Shrek,2001,90 min,"Animation, Adventure, Comedy            ",7.9,"an lord exiles fairytale creatures to the swamp of a grumpy ogre, who must go on a quest and rescue a princess for the lord in order to get his land back.","Andrew Adamson, Vicky Jenson ","Mike Myers, Eddie Murphy, Cameron Diaz, John Lithgow",702959,$267.67M
69,70,Taken,I) (,90 min,"Action, Crime, Thriller            ",7.8,"tired CIA agent travels across Europe and relies on his old skills to save his estranged daughter, who has been kidnapped while on a trip to Paris.",Pierre Morel ,"Liam Neeson, Maggie Grace, Famke Janssen, Leland Orser",616380,$145.00M
70,71,Up,2009,96 min,"Animation, Adventure, Comedy            ",8.3,"ear-old Carl Fredricksen travels to Paradise Falls in his house equipped with balloons, inadvertently taking a young stowaway.","Pete Docter, Bob Peterson ","Edward Asner, Jordan Nagai, John Ratzenberger, Christopher Plummer",1075210,$293.00M
71,72,V for Vendetta,2005,132 min,"Action, Drama, Sci-Fi            ",8.2," future British dystopian society, a shadowy freedom fighter, known only by the alias of ""V"", plots to overthrow the tyrannical government - with the help of a young woman.",James McTeigue ,"Hugo Weaving, Natalie Portman, Rupert Graves, Stephen Rea",1144085,$70.51M
72,73,WALL·E,2008,98 min,"Animation, Adventure, Family            ",8.4,"he distant future, a small waste-collecting robot inadvertently embarks on a space journey that will ultimately decide the fate of mankind.",Andrew Stanton ,"Ben Burtt, Elissa Knight, Jeff Garlin, Fred Willard",1148804,$223.81M
73,74,X-Men,2000,104 min,"Action, Adventure, Sci-Fi            ",7.3," world where mutants (evolved super-powered humans) exist and are discriminated against, two groups form for an inevitable clash: the supremacist Brotherhood, and the pacifist X-Men.",Bryan Singer ,"Patrick Stewart, Hugh Jackman, Ian McKellen, Famke Janssen",629242,$157.30M
74,75,Young Frankenstein,1974,106 min,Comedy            ,8,"merican grandson of the infamous scientist, struggling to prove that his grandfather was not as insane as people believe, is invited to Transylvania, where he discovers the process that reanimates a dead body.",Mel Brooks ,"Gene Wilder, Madeline Kahn, Marty Feldman, Peter Boyle",163402,$86.30M
75,76,Zulu,1964,138 min,"Drama, History, War            ",7.7,umbered British soldiers do battle with Zulu warriors at Rorke's Drift.,Cy Endfield ,"Stanley Baker, Jack Hawkins, Ulla Jacobsson, James Booth",41066,
76,77,Casablanca,1942,102 min,"Drama, Romance, War            ",8.5,nical expatriate American cafe owner struggles to decide whether or not to help his former lover and her fugitive husband escape the Nazis in French Morocco.,Michael Curtiz ,"Humphrey Bogart, Ingrid Bergman, Paul Henreid, Claude Rains",585840,$1.02M
77,78,Rear Window,1954,112 min,"Mystery, Thriller            ",8.5,"otographer in a wheelchair spies on his neighbors from his Greenwich Village courtyard apartment window, and becomes convinced one of them has committed murder, despite the skepticism of his fashion-model girlfriend.",Alfred Hitchcock ,"James Stewart, Grace Kelly, Wendell Corey, Thelma Ritter",503728,$36.76M
78,79,Sunset Blvd.,1950,110 min,"Drama, Film-Noir            ",8.4,reenwriter develops a dangerous relationship with a faded film star determined to make a triumphant return.,Billy Wilder ,"William Holden, Gloria Swanson, Erich von Stroheim, Nancy Olson",227873,
79,80,Hotaru no haka,1988,89 min,"Animation, Drama, War            ",8.5,ung boy and his little sister struggle to survive in Japan during World War II.,Isao Takahata ,"Tsutomu Tatsumi, Ayano Shiraishi, Akemi Yamaguchi, Yoshiko Shinohara",289287,
80,81,Nuovo Cinema Paradiso,1988,155 min,"Drama, Romance            ",8.5,lmmaker recalls his childhood when falling in love with the pictures at the cinema of his home village and forms a deep friendship with the cinema's projectionist.,Giuseppe Tornatore ,"Philippe Noiret, Enzo Cannavale, Antonella Attili, Isa Danieli",269694,$11.99M
81,82,The Great Dictator,1940,125 min,"Comedy, Drama, War            ",8.4,ator Adenoid Hynkel tries to expand his empire while a poor Jewish barber tries to avoid persecution from Hynkel's regime.,Charles Chaplin ,"Charles Chaplin, Paulette Goddard, Jack Oakie, Reginald Gardiner",229526,$0.29M
82,83,Modern Times,1936,87 min,"Comedy, Drama, Romance            ",8.5,Tramp struggles to live in modern industrial society with the help of a young homeless woman.,Charles Chaplin ,"Charles Chaplin, Paulette Goddard, Henry Bergman, Tiny Sandford",249387,$0.16M
83,84,Paths of Glory,1957,88 min,"Drama, War            ",8.4,"r refusing to attack an enemy position, a general accuses the soldiers of cowardice and their commanding officer must defend them.",Stanley Kubrick ,"Kirk Douglas, Ralph Meeker, Adolphe Menjou, George Macready",203074,
84,85,Taare Zameen Par,2007,165 min,"Drama, Family            ",8.3,"ight-year-old boy is thought to be a lazy trouble-maker, until the new art teacher has the patience and compassion to discover the real problem behind his struggles in school.","Aamir Khan, Amole Gupte ","Darsheel Safary, Aamir Khan, Tanay Chheda, Sachet Engineer",198848,$1.22M
85,86,Aliens,1986,137 min,"Action, Adventure, Sci-Fi            ",8.4,"des after surviving the Nostromo incident, Ellen Ripley is sent out to re-establish contact with a terraforming colony but finds herself battling the Alien Queen and her offspring.",James Cameron ,"Sigourney Weaver, Michael Biehn, Carrie Henn, Paul Reiser",735270,$85.16M
86,87,Django Unchained,2012,165 min,"Drama, Western            ",8.4," the help of a German bounty-hunter, a freed slave sets out to rescue his wife from a brutal plantation owner in Mississippi.",Quentin Tarantino ,"Jamie Foxx, Christoph Waltz, Leonardo DiCaprio, Kerry Washington",1608035,$162.81M
87,88,American Beauty,1999,122 min,Drama            ,8.3,xually frustrated suburban father has a mid-life crisis after becoming infatuated with his daughter's best friend.,Sam Mendes ,"Kevin Spacey, Annette Bening, Thora Birch, Wes Bentley",1176590,$130.10M
88,89,The Shining,1980,146 min,"Drama, Horror            ",8.4,"mily heads to an isolated hotel for the winter where a sinister presence influences the father into violence, while his psychic son sees horrific forebodings from both past and future.",Stanley Kubrick ,"Jack Nicholson, Shelley Duvall, Danny Lloyd, Scatman Crothers",1054183,$44.02M
89,90,Requiem for a Dream,2000,102 min,Drama            ,8.3,drug-induced utopias of four Coney Island people are shattered when their addictions run deep.,Darren Aronofsky ,"Ellen Burstyn, Jared Leto, Jennifer Connelly, Marlon Wayans",864803,$3.64M
90,91,Braveheart,1995,178 min,"Biography, Drama, History            ",8.3,tish warrior William Wallace leads his countrymen in a rebellion to free his homeland from the tyranny of King Edward I of England.,Mel Gibson ,"Mel Gibson, Sophie Marceau, Patrick McGoohan, Angus Macfadyen",1058805,$75.60M
91,92,Oldeuboi,2003,101 min,"Action, Drama, Mystery            ",8.4,"r being kidnapped and imprisoned for fifteen years, Oh Dae-Su is released, only to find that he must find his captor in five days.",Park Chan-wook ,"Choi Min-sik, Yoo Ji-tae, Kang Hye-jeong, Kim Byeong-Ok",599411,$0.71M
92,93,Star Wars: Episode VI - Return of the Jedi,1983,131 min,"Action, Adventure, Fantasy            ",8.3,"r rescuing Han Solo from Jabba the Hutt, the Rebels attempt to destroy the second Death Star, while Luke struggles to help Darth Vader back from the dark side.",Richard Marquand ,"Mark Hamill, Harrison Ford, Carrie Fisher, Billy Dee Williams",1081817,$309.13M
93,94,North by Northwest,1959,136 min,"Action, Adventure, Mystery            ",8.3,"w York City advertising executive goes on the run after being mistaken for a government agent by a group of foreign spies, and falls for a woman whose loyalties he begins to doubt.",Alfred Hitchcock ,"Cary Grant, Eva Marie Saint, James Mason, Jessie Royce Landis",335751,$13.28M
94,95,Le fabuleux destin d'Amélie Poulain,2001,122 min,"Comedy, Romance            ",8.3,"ite being caught in her imaginative world, Amelie, a young waitress, decides to help people find happiness. Her quest to spread joy leads her on a journey where she finds true love.",Jean-Pierre Jeunet ,"Audrey Tautou, Mathieu Kassovitz, Rufus, Lorella Cravotta",771726,$33.23M
95,96,Once Upon a Time in America,1984,229 min,"Crime, Drama            ",8.3,"rmer Prohibition-era Jewish gangster returns to the Lower East Side of Manhattan 35 years later, where he must once again confront the ghosts and regrets of his old life.",Sergio Leone ,"Robert De Niro, James Woods, Elizabeth McGovern, Treat Williams",361870,$5.32M
96,97,3 Idiots,2009,170 min,"Comedy, Drama            ",8.4,"friends are searching for their long lost companion. They revisit their college days and recall the memories of their friend who inspired them to think differently, even as the rest of the world called them ""idiots"".",Rajkumar Hirani ,"Aamir Khan, Madhavan, Mona Singh, Sharman Joshi",412652,$6.53M
97,98,Mononoke-hime,1997,134 min,"Animation, Action, Adventure            ",8.3," journey to find the cure for a Tatarigami's curse, Ashitaka finds himself in the middle of a war between the forest gods and Tatara, a mining colony. In this quest he also meets San, the Mononoke Hime.",Hayao Miyazaki ,"Yôji Matsuda, Yuriko Ishida, Yûko Tanaka, Billy Crudup",409007,$2.38M
98,99,Vertigo,1958,128 min,"Mystery, Romance, Thriller            ",8.3,"rmer San Francisco police detective juggles wrestling with his personal demons and becoming obsessed with the hauntingly beautiful woman he has been hired to trail, who may be deeply disturbed.",Alfred Hitchcock ,"James Stewart, Kim Novak, Barbara Bel Geddes, Tom Helmore",412298,$3.20M
99,100,Citizen Kane,1941,119 min,"Drama, Mystery            ",8.3,"owing the death of publishing tycoon Charles Foster Kane, reporters scramble to uncover the meaning of his final utterance: 'Rosebud.'",Orson Welles ,"Orson Welles, Joseph Cotten, Dorothy Comingore, Agnes Moorehead",452087,$1.59M
100,101,Das Boot,1981,149 min,"Drama, War            ",8.4,rman U-boat stalks the frigid waters of the North Atlantic as its young crew experience the sheer terror and claustrophobic life of a submariner in World War II.,Wolfgang Petersen ,"Jürgen Prochnow, Herbert Grönemeyer, Klaus Wennemann, Hubertus Bengsch",256484,$11.49M
101,102,M - Eine Stadt sucht einen Mörder,1931,117 min,"Crime, Mystery, Thriller            ",8.3," the police in a German city are unable to catch a child-murderer, other criminals join in the manhunt.",Fritz Lang ,"Peter Lorre, Ellen Widmann, Inge Landgut, Otto Wernicke",162297,$0.03M
102,103,Jodaeiye Nader az Simin,2011,123 min,Drama            ,8.3,rried couple are faced with a difficult decision - to improve the life of their child by moving to another country or to stay in Iran and look after a deteriorating parent who has Alzheimer's disease.,Asghar Farhadi ,"Payman Maadi, Leila Hatami, Sareh Bayat, Shahab Hosseini",250285,$7.10M
103,104,Bacheha-Ye aseman,1997,89 min,"Drama, Family, Sport            ",8.2,"r a boy loses his sister's pair of shoes, he goes on a series of adventures in order to find them. When he can't, he tries a new way to ""win"" a new pair.",Majid Majidi ,"Mohammad Amir Naji, Amir Farrokh Hashemian, Bahare Seddiqi, Nafise Jafar-Mohammadi",77136,$0.93M
104,105,Witness for the Prosecution,1957,116 min,"Crime, Drama, Mystery            ",8.4,teran British barrister must defend his client in a murder trial that has surprise after surprise.,Billy Wilder ,"Tyrone Power, Marlene Dietrich, Charles Laughton, Elsa Lanchester",130214,$8.18M
105,106,Drishyam,2015,163 min,"Crime, Drama, Mystery            ",8.2,"erate measures are taken by a man who tries to save his family from the dark side of the law, after they commit an unexpected crime.",Nishikant Kamat ,"Ajay Devgn, Shriya Saran, Tabu, Rajat Kapoor",89170,$0.74M
106,107,Eskiya,1996,128 min,"Crime, Drama, Thriller            ",8.1,"n the Bandit, released from prison after 35 years, searches for vengeance and his lover.",Yavuz Turgul ,"Sener Sen, Ugur Yücel, Sermin Hürmeriç, Yesim Salkim",70992,
107,108,La La Land,2016,128 min,"Comedy, Drama, Music            ",8,"e navigating their careers in Los Angeles, a pianist and an actress fall in love while attempting to reconcile their aspirations for the future.",Damien Chazelle ,"Ryan Gosling, Emma Stone, Rosemarie DeWitt, J.K. Simmons",619278,$151.10M
108,109,Inglourious Basterds,2009,153 min,"Adventure, Drama, War            ",8.3,"azi-occupied France during World War II, a plan to assassinate Nazi leaders by a group of Jewish U.S. soldiers coincides with a theatre owner's vengeful plans for the same.",Quentin Tarantino ,"Brad Pitt, Diane Kruger, Eli Roth, Mélanie Laurent",1499611,$120.54M
109,110,Good Will Hunting,1997,126 min,"Drama, Romance            ",8.3," Hunting, a janitor at M.I.T., has a gift for mathematics, but needs help from a psychologist to find direction in his life.",Gus Van Sant ,"Robin Williams, Matt Damon, Ben Affleck, Stellan Skarsgård",1008556,$138.43M
110,111,Snatch,2000,104 min,"Comedy, Crime            ",8.2,"rupulous boxing promoters, violent bookmakers, a Russian gangster, incompetent amateur robbers and supposedly Jewish jewelers fight to track down a priceless stolen diamond.",Guy Ritchie ,"Jason Statham, Brad Pitt, Stephen Graham, Vinnie Jones",877081,$30.33M
111,112,Batman Begins,2005,140 min,"Action, Crime, Drama            ",8.2,"r witnessing his parents' death, Bruce learns the art of fighting to confront injustice. When he returns to Gotham as Batman, he must stop a secret society that intends to destroy the city.",Christopher Nolan ,"Christian Bale, Michael Caine, Ken Watanabe, Liam Neeson",1510145,$206.85M
112,113,Taxi Driver,1976,114 min,"Crime, Drama            ",8.2,"ntally unstable veteran works as a nighttime taxi driver in New York City, where the perceived decadence and sleaze fuels his urge for violent action.",Martin Scorsese ,"Robert De Niro, Jodie Foster, Cybill Shepherd, Albert Brooks",869201,$28.26M
113,114,Eternal Sunshine of the Spotless Mind,2004,108 min,"Drama, Romance, Sci-Fi            ",8.3," their relationship turns sour, a couple undergoes a medical procedure to have each other erased from their memories for ever.",Michel Gondry ,"Jim Carrey, Kate Winslet, Tom Wilkinson, Gerry Robert Byrne",1035067,$34.40M
114,115,A Clockwork Orange,1971,136 min,"Crime, Sci-Fi            ",8.3,"he future, a sadistic gang leader is imprisoned and volunteers for a conduct-aversion experiment, but it doesn't go as planned.",Stanley Kubrick ,"Malcolm McDowell, Patrick Magee, Michael Bates, Warren Clarke",850903,$6.21M
115,116,Reservoir Dogs,1992,99 min,"Crime, Thriller            ",8.3," a simple jewelry heist goes horribly wrong, the surviving criminals begin to suspect that one of them is a police informant.",Quentin Tarantino ,"Harvey Keitel, Tim Roth, Michael Madsen, Chris Penn",1046993,$2.83M
116,117,Full Metal Jacket,1987,116 min,"Drama, War            ",8.3,agmatic U.S. Marine observes the dehumanizing effects the Vietnam War has on his fellow recruits from their brutal boot camp training to the bloody street fighting in Hue.,Stanley Kubrick ,"Matthew Modine, R. Lee Ermey, Vincent D'Onofrio, Adam Baldwin",761709,$46.36M
117,118,2001: A Space Odyssey,1968,149 min,"Adventure, Sci-Fi            ",8.3,"r uncovering a mysterious artifact buried beneath the Lunar surface, a spacecraft is sent to Jupiter to find its origins - a spacecraft manned by two men and the supercomputer H.A.L. 9000.",Stanley Kubrick ,"Keir Dullea, Gary Lockwood, William Sylvester, Daniel Richter",688459,$56.95M
118,119,Der Untergang,2004,156 min,"Biography, Drama, History            ",8.2,"dl Junge, the final secretary for Adolf Hitler, tells of the Nazi dictator's final days in his Berlin bunker at the end of WWII.",Oliver Hirschbiegel ,"Bruno Ganz, Alexandra Maria Lara, Ulrich Matthes, Juliane Köhler",363521,$5.51M
119,120,Jagten,2012,115 min,Drama            ,8.3,"acher lives a lonely life, all the while struggling over his son's custody. His life slowly gets better as he finds love and receives good news from his son, but his new luck is about to be brutally shattered by an innocent little lie.",Thomas Vinterberg ,"Mads Mikkelsen, Thomas Bo Larsen, Annika Wedderkopp, Lasse Fogelstrøm",343384,$0.69M
120,121,L.A. Confidential,1997,138 min,"Crime, Drama, Mystery            ",8.2,"orruption grows in 1950s Los Angeles, three policemen - one strait-laced, one brutal, and one sleazy - investigate a series of murders with their own brand of justice.",Curtis Hanson ,"Kevin Spacey, Russell Crowe, Guy Pearce, Kim Basinger",595132,$64.62M
121,122,American Psycho,2000,102 min,"Crime, Drama, Horror            ",7.6,"althy New York City investment banking executive, Patrick Bateman, hides his alternate psychopathic ego from his co-workers and friends as he delves deeper into his violent, hedonistic fantasies.",Mary Harron ,"Christian Bale, Justin Theroux, Josh Lucas, Bill Sage",661305,$15.07M
122,123,Beauty and the Beast,1991,84 min,"Animation, Family, Fantasy            ",8,ince cursed to spend his days as a hideous monster sets out to regain his humanity by earning a young woman's love.,"Gary Trousdale, Kirk Wise ","Paige O'Hara, Robby Benson, Jesse Corti, Rex Everhart",466183,$218.97M
123,124,The Departed,2006,151 min,"Crime, Drama, Thriller            ",8.5,ndercover cop and a mole in the police attempt to identify each other while infiltrating an Irish gang in South Boston.,Martin Scorsese ,"Leonardo DiCaprio, Matt Damon, Jack Nicholson, Mark Wahlberg",1362273,$132.38M
124,125,Fargo,1996,98 min,"Crime, Thriller            ",8.1,esota car salesman Jerry Lundegaard's inept crime falls apart due to his and his henchmen's bungling and the persistent police work of the quite pregnant Marge Gunderson.,"Joel Coen, Ethan Coen ","William H. Macy, Frances McDormand, Steve Buscemi, Peter Stormare",695118,$24.61M
125,126,The Jungle Book,2016,106 min,"Adventure, Drama, Family            ",7.4,"r a threat from the tiger Shere Khan forces him to flee the jungle, a man-cub named Mowgli embarks on a journey of self discovery with the help of panther Bagheera and free-spirited bear Baloo.",Jon Favreau ,"Neel Sethi, Bill Murray, Ben Kingsley, Idris Elba",284540,$364.00M
126,127,The Lion King,1994,88 min,"Animation, Adventure, Drama            ",8.5," prince Simba and his father are targeted by his bitter uncle, who wants to ascend the throne himself.","Roger Allers, Rob Minkoff ","Matthew Broderick, Jeremy Irons, James Earl Jones, Whoopi Goldberg",1090923,$422.78M
127,128,Mary Poppins,1964,139 min,"Comedy, Family, Fantasy            ",7.8,"urn of the century London, a magical nanny employs music and adventure to help two neglected children become closer to their father.",Robert Stevenson ,"Julie Andrews, Dick Van Dyke, David Tomlinson, Glynis Johns",179057,$102.27M
128,129,Planet of the Apes,1968,112 min,"Adventure, Sci-Fi            ",8,stronaut crew crash-lands on a planet where highly intelligent non-human ape species are dominant and humans are enslaved.,Franklin J. Schaffner ,"Charlton Heston, Roddy McDowall, Kim Hunter, Maurice Evans",185978,$33.40M
129,130,Scarface,1983,170 min,"Crime, Drama            ",8.3,"980 Miami, a determined Cuban immigrant takes over a drug cartel and succumbs to greed.",Brian De Palma ,"Al Pacino, Michelle Pfeiffer, Steven Bauer, Mary Elizabeth Mastrantonio",870657,$45.60M
130,131,The Wolf of Wall Street,2013,180 min,"Biography, Comedy, Crime            ",8.2,"d on the true story of Jordan Belfort, from his rise to a wealthy stock-broker living the high life to his fall involving crime, corruption and the federal government.",Martin Scorsese ,"Leonardo DiCaprio, Jonah Hill, Margot Robbie, Matthew McConaughey",1472595,$116.90M
131,132,Toy Story,1995,81 min,"Animation, Adventure, Comedy            ",8.3,wboy doll is profoundly threatened and jealous when a new spaceman action figure supplants him as top toy in a boy's bedroom.,John Lasseter ,"Tom Hanks, Tim Allen, Don Rickles, Jim Varney",1023405,$191.80M
132,133,Amadeus,1984,160 min,"Biography, Drama, Music            ",8.4,"life, success and troubles of Wolfgang Amadeus Mozart, as told by Antonio Salieri, the contemporaneous composer who was deeply jealous of Mozart's talent and claimed to have murdered him.",Milos Forman ,"F. Murray Abraham, Tom Hulce, Elizabeth Berridge, Roy Dotrice",411303,$51.97M
133,134,To Kill a Mockingbird,1962,129 min,"Crime, Drama            ",8.3,"cus Finch, a widowed lawyer in Depression-era Alabama, defends a Black man against an undeserved rape charge, and tries to educate his young children against prejudice.",Robert Mulligan ,"Gregory Peck, John Megna, Frank Overton, Rosemary Murphy",323290,
134,135,Monty Python and the Holy Grail,1975,91 min,"Adventure, Comedy, Fantasy            ",8.2," Arthur and his Knights of the Round Table embark on a surreal, low-budget search for the Holy Grail, encountering many, very silly obstacles.","Terry Gilliam, Terry Jones ","Graham Chapman, John Cleese, Eric Idle, Terry Gilliam",553620,$1.23M
135,136,Lawrence of Arabia,1962,218 min,"Adventure, Biography, Drama            ",8.3,"story of T.E. Lawrence, the English officer who successfully united and led the diverse, often warring, Arab tribes during World War I in order to fight the Turks.",David Lean ,"Peter O'Toole, Alec Guinness, Anthony Quinn, Jack Hawkins",302367,$44.82M
136,137,Toy Story 3,2010,103 min,"Animation, Adventure, Comedy            ",8.3,"toys are mistakenly delivered to a day-care center instead of the attic right before Andy leaves for college, and it's up to Woody to convince the other toys that they weren't abandoned and to return home.",Lee Unkrich ,"Tom Hanks, Tim Allen, Joan Cusack, Ned Beatty",858987,$415.00M
137,138,Some Like It Hot,1959,121 min,"Comedy, Music, Romance            ",8.2,"r two male musicians witness a mob hit, they flee the state in an all-female band disguised as women, but further complications set in.",Billy Wilder ,"Marilyn Monroe, Tony Curtis, Jack Lemmon, George Raft",274141,$25.00M
138,139,Singin' in the Rain,1952,103 min,"Comedy, Musical, Romance            ",8.3,lent film star falls for a chorus girl just as he and his delusionally jealous screen partner are trying to make the difficult transition to talking pictures in 1920s Hollywood.,"Stanley Donen, Gene Kelly ","Gene Kelly, Donald O'Connor, Debbie Reynolds, Jean Hagen",249973,$8.82M
139,140,Idi i smotri,1985,142 min,"Drama, Thriller, War            ",8.4,"r finding an old rifle, a young boy joins the Soviet resistance movement against ruthless German forces and experiences the horrors of World War II.",Elem Klimov ,"Aleksey Kravchenko, Olga Mironova, Liubomiras Laucevicius, Vladas Bagdonas",86966,
140,141,Metropolis,1927,153 min,"Drama, Sci-Fi            ",8.3," futuristic city sharply divided between the working class and the city planners, the son of the city's mastermind falls in love with a working-class prophet who predicts the coming of a savior to mediate their differences.",Fritz Lang ,"Brigitte Helm, Alfred Abel, Gustav Fröhlich, Rudolf Klein-Rogge",178902,$1.24M
141,142,The Sting,1973,129 min,"Comedy, Crime, Drama            ",8.3,grifters team up to pull off the ultimate con.,George Roy Hill ,"Paul Newman, Robert Redford, Robert Shaw, Charles Durning",270412,$159.60M
142,143,The Third Man,1949,104 min,"Film-Noir, Mystery, Thriller            ",8.1," novelist Holly Martins travels to shadowy, postwar Vienna, only to find himself investigating the mysterious death of an old friend, Harry Lime.",Carol Reed ,"Orson Welles, Joseph Cotten, Alida Valli, Trevor Howard",175913,$0.45M
143,144,Per qualche dollaro in più,1965,132 min,"Drama, Western            ",8.2,bounty hunters with the same intentions team up to track down an escaped Mexican outlaw.,Sergio Leone ,"Clint Eastwood, Lee Van Cleef, Gian Maria Volontè, Mara Krupp",263827,$15.00M
144,145,The Apartment,1960,125 min,"Comedy, Drama, Romance            ",8.3,"nhattan insurance clerk tries to rise in his company by letting its executives use his apartment for trysts, but complications and a romance of his own ensue.",Billy Wilder ,"Jack Lemmon, Shirley MacLaine, Fred MacMurray, Ray Walston",187405,$18.60M
145,146,Judgment at Nuremberg,1961,179 min,"Drama, War            ",8.3,"948, an American court in occupied Germany tries four Nazis judged for war crimes.",Stanley Kramer ,"Spencer Tracy, Burt Lancaster, Richard Widmark, Marlene Dietrich",80398,
146,147,All About Eve,1950,138 min,Drama            ,8.2,emingly timid but secretly ruthless ingénue insinuates herself into the lives of an aging Broadway star and her circle of theater friends.,Joseph L. Mankiewicz ,"Bette Davis, Anne Baxter, George Sanders, Celeste Holm",134548,$0.01M
147,148,Rang De Basanti,2006,167 min,"Comedy, Crime, Drama            ",8.1,"story of six young Indians who assist an English woman to film a documentary on the freedom fighters from their past, and the events that lead them to relive the long-forgotten saga of freedom.",Rakeysh Omprakash Mehra ,"Aamir Khan, Soha Ali Khan, Siddharth, Sharman Joshi",120666,$2.20M
148,149,Double Indemnity,1944,107 min,"Crime, Drama, Film-Noir            ",8.3,"s Angeles insurance representative lets an alluring housewife seduce him into a scheme of insurance fraud and murder that arouses the suspicion of his colleague, an insurance investigator.",Billy Wilder ,"Fred MacMurray, Barbara Stanwyck, Edward G. Robinson, Byron Barr",161385,$5.72M
149,150,Rashômon,1950,88 min,"Crime, Drama, Mystery            ",8.2,"rape of a bride and the murder of her samurai husband are recalled from the perspectives of a bandit, the bride, the samurai's ghost and a woodcutter.",Akira Kurosawa ,"Toshirô Mifune, Machiko Kyô, Masayuki Mori, Takashi Shimura",173443,$0.10M
150,151,Ladri di biciclette,1948,89 min,Drama            ,8.3,"ost-war Italy, a working-class man's bicycle is stolen, endangering his efforts to find work. He and his son set out to find it.",Vittorio De Sica ,"Lamberto Maggiorani, Enzo Staiola, Lianella Carell, Elena Altieri",168306,$0.33M
151,152,Andrei Rublev,1966,205 min,"Biography, Drama, History            ",8.1,"life, times and afflictions of the fifteenth-century Russian iconographer St. Andrei Rublev.",Andrei Tarkovsky ,"Anatoliy Solonitsyn, Ivan Lapikov, Nikolay Grinko, Nikolay Sergeev",55389,$0.10M
152,153,Yôjinbô,1961,110 min,"Action, Drama, Thriller            ",8.2,afty ronin comes to a town divided by two criminal gangs and decides to play them against each other to free the town.,Akira Kurosawa ,"Toshirô Mifune, Eijirô Tôno, Tatsuya Nakadai, Yôko Tsukasa",126388,
153,154,Gangs of Wasseypur,2012,321 min,"Action, Comedy, Crime            ",8.2,"ash between Sultan and Shahid Khan leads to the expulsion of Khan from Wasseypur, and ignites a deadly blood feud spanning three generations.",Anurag Kashyap ,"Manoj Bajpayee, Nawazuddin Siddiqui, Tigmanshu Dhulia, Richa Chadha",99693,
154,155,The Treasure of the Sierra Madre,1948,126 min,"Adventure, Drama, Western            ",8.2,down-on-their-luck Americans searching for work in 1920s Mexico convince an old prospector to help them mine for gold in the Sierra Madre Mountains.,John Huston ,"Humphrey Bogart, Walter Huston, Tim Holt, Bruce Bennett",128443,$5.01M
155,156,The Kid,1921,68 min,"Comedy, Drama, Family            ",8.3,"Tramp cares for an abandoned child, but events put their relationship in jeopardy.",Charles Chaplin ,"Charles Chaplin, Edna Purviance, Jackie Coogan, Carl Miller",129852,$5.45M
156,157,Ikiru,1952,143 min,Drama            ,8.3,reaucrat tries to find meaning in his life after he discovers he has terminal cancer.,Akira Kurosawa ,"Takashi Shimura, Nobuo Kaneko, Shin'ichi Himori, Haruo Tanaka",82404,$0.06M
157,158,A Wednesday,2008,104 min,"Action, Crime, Drama            ",8.1,tiring police officer reminisces about the most astounding day of his career. About a case that was never filed but continues to haunt him in his memories - the case of a man and a Wednesday.,Neeraj Pandey ,"Anupam Kher, Naseeruddin Shah, Veerendra Saxena, Mahesh Kanual",80392,
158,159,Sunrise: A Song of Two Humans,1927,94 min,"Drama, Romance            ",8.1,"phisticated city woman seduces a farmer and convinces him to murder his wife and join her in the city, but he ends up rekindling his romance with his wife when he changes his mind at the last moment.",F.W. Murnau ,"George O'Brien, Janet Gaynor, Margaret Livingston, Bodil Rosing",52491,$0.54M
159,160,La passion de Jeanne d'Arc,1928,110 min,"Biography, Drama, History            ",8.2,"431, Jeanne d'Arc is placed on trial on charges of heresy. The ecclesiastical jurists attempt to force Jeanne to recant her claims of holy visions.",Carl Theodor Dreyer ,"Maria Falconetti, Eugene Silvain, André Berley, Maurice Schutz",57611,$0.02M
160,161,Sholay,1975,204 min,"Action, Adventure, Comedy            ",8.1,"r his family is murdered by a notorious and ruthless bandit, a former police officer enlists the services of two outlaws to capture the bandit.",Ramesh Sippy ,"Sanjeev Kumar, Dharmendra, Amitabh Bachchan, Amjad Khan",57251,
161,162,Munna Bhai M.B.B.S.,2003,156 min,"Comedy, Drama            ",8.1,ngster sets out to fulfill his father's dream of becoming a doctor.,Rajkumar Hirani ,"Sanjay Dutt, Arshad Warsi, Gracy Singh, Boman Irani",84851,
162,163,Andaz Apna Apna,1994,160 min,"Action, Comedy, Romance            ",8,slackers competing for the affections of an heiress inadvertently become her protectors from an evil criminal.,Rajkumar Santoshi ,"Aamir Khan, Salman Khan, Raveena Tandon, Karisma Kapoor",54297,
163,164,Hera Pheri,2000,156 min,"Action, Comedy, Crime            ",8.1,"e unemployed men look for answers to all their money problems - but when their opportunity arrives, will they know what to do with it?",Priyadarshan ,"Akshay Kumar, Suniel Shetty, Paresh Rawal, Tabu",69679,
164,165,Hacksaw Ridge,2016,139 min,"Biography, Drama, History            ",8.1,"d War II American Army Medic Desmond T. Doss, who served during the Battle of Okinawa, refuses to kill people and becomes the first man in American history to receive the Medal of Honor without firing a shot.",Mel Gibson ,"Andrew Garfield, Sam Worthington, Luke Bracey, Teresa Palmer",553791,$67.21M
165,166,Trainspotting,1996,93 min,Drama            ,8.1,"on, deeply immersed in the Edinburgh drug scene, tries to clean up and get out, despite the allure of the drugs and influence of friends.",Danny Boyle ,"Ewan McGregor, Ewen Bremner, Jonny Lee Miller, Kevin McKidd",703139,$16.50M
166,167,Blade Runner,1982,117 min,"Action, Drama, Sci-Fi            ",8.1,ade runner must pursue and terminate four replicants who stole a ship in space and have returned to Earth to find their creator.,Ridley Scott ,"Harrison Ford, Rutger Hauer, Sean Young, Edward James Olmos",791295,$32.87M
167,168,Room,I) (,118 min,"Drama, Thriller            ",8.1,"ttle boy is held captive in a room with his mother since his birth, so he has never known the world outside.",Lenny Abrahamson ,"Brie Larson, Jacob Tremblay, Sean Bridgers, Wendy Crewson",433431,$14.68M
168,169,Gone with the Wind,1939,238 min,"Drama, Romance, War            ",8.2,eltered and manipulative Southern belle and a roguish profiteer face off in a turbulent romance as the society around them crumbles with the end of slavery and is rebuilt during the Civil War and Reconstruction periods.,"Victor Fleming, George Cukor, Sam Wood ","Clark Gable, Vivien Leigh, Thomas Mitchell, Barbara O'Neil",323490,$198.68M
169,170,Heat,1995,170 min,"Action, Crime, Drama            ",8.3,oup of high-end professional thieves start to feel the heat from the LAPD when they unknowingly leave a clue at their latest heist.,Michael Mann ,"Al Pacino, Robert De Niro, Val Kilmer, Jon Voight",680840,$67.44M
170,171,The Big Lebowski,1998,117 min,"Comedy, Crime            ",8.1," ""The Dude"" Lebowski, mistaken for a millionaire of the same name, seeks restitution for his ruined rug and enlists his bowling buddies to help get it.","Joel Coen, Ethan Coen ","Jeff Bridges, John Goodman, Julianne Moore, Steve Buscemi",830054,$17.50M
171,172,Warrior,2011,140 min,"Action, Drama, Sport            ",8.1,"youngest son of an alcoholic former boxer returns home, where he's trained by his father for competition in a mixed martial arts tournament - a path that puts the fighter on a collision course with his estranged, older brother.",Gavin O'Connor ,"Tom Hardy, Nick Nolte, Joel Edgerton, Jennifer Morrison",483216,$13.66M
172,173,Unforgiven,1992,130 min,"Drama, Western            ",8.2,"red Old West gunslinger William Munny reluctantly takes on one last job, with the help of his old partner Ned Logan and a young man, The ""Schofield Kid.""",Clint Eastwood ,"Clint Eastwood, Gene Hackman, Morgan Freeman, Richard Harris",422337,$101.16M
173,174,Pan's Labyrinth,2006,118 min,"Drama, Fantasy, War            ",8.2,"he Falangist Spain of 1944, the bookish young stepdaughter of a sadistic army officer escapes into an eerie but captivating fantasy world.",Guillermo del Toro ,"Ivana Baquero, Ariadna Gil, Sergi López, Maribel Verdú",682891,$37.63M
174,175,Inside Out,I) (,95 min,"Animation, Adventure, Comedy            ",8.1,"r young Riley is uprooted from her Midwest life and moved to San Francisco, her emotions - Joy, Fear, Anger, Disgust and Sadness - conflict on how best to navigate a new city, house, and school.","Pete Docter, Ronnie Del Carmen ","Amy Poehler, Bill Hader, Lewis Black, Mindy Kaling",741242,$356.46M
175,176,A Beautiful Mind,2001,135 min,"Biography, Drama            ",8.2,"r John Nash, a brilliant but asocial mathematician, accepts secret work in cryptography, his life takes a turn for the nightmarish.",Ron Howard ,"Russell Crowe, Ed Harris, Jennifer Connelly, Christopher Plummer",953409,$170.74M
176,177,The Deer Hunter,1978,183 min,"Drama, War            ",8.1,n-depth examination of the ways in which the Vietnam War impacts and disrupts the lives of several friends in a small steel mill town in Pennsylvania.,Michael Cimino ,"Robert De Niro, Christopher Walken, John Cazale, John Savage",347904,$48.98M
177,178,The Thing,1982,109 min,"Horror, Mystery, Sci-Fi            ",8.2,search team in Antarctica is hunted by a shape-shifting alien that assumes the appearance of its victims.,John Carpenter ,"Kurt Russell, Wilford Brimley, Keith David, Richard Masur",441023,$13.78M
178,179,"Lock, Stock and Two Smoking Barrels",1998,107 min,"Action, Comedy, Crime            ",8.1," persuades his three pals to pool money for a vital poker game against a powerful local mobster, Hatchet Harry. Eddy loses, after which Harry gives him a week to pay back 500,000 pounds.",Guy Ritchie ,"Jason Flemyng, Dexter Fletcher, Nick Moran, Jason Statham",597015,$3.90M
179,180,Cool Hand Luke,1967,127 min,"Crime, Drama            ",8.1,"id back Southern man is sentenced to two years in a rural prison, but refuses to conform.",Stuart Rosenberg ,"Paul Newman, George Kennedy, Strother Martin, J.D. Cannon",182517,$16.22M
180,181,Raging Bull,1980,129 min,"Biography, Drama, Sport            ",8.1,"life of boxer Jake LaMotta, whose violence and temper that led him to the top in the ring destroyed his life outside of it.",Martin Scorsese ,"Robert De Niro, Cathy Moriarty, Joe Pesci, Frank Vincent",364601,$23.38M
181,182,Hauru no ugoku shiro,2004,119 min,"Animation, Adventure, Family            ",8.2," an unconfident young woman is cursed with an old body by a spiteful witch, her only chance of breaking the spell lies with a self-indulgent yet insecure young wizard and his companions in his legged, walking castle.",Hayao Miyazaki ,"Chieko Baishô, Takuya Kimura, Tatsuya Gashûin, Akihiro Miwa",415133,$4.71M
182,183,El secreto de sus ojos,2009,129 min,"Drama, Mystery, Romance            ",8.2,tired legal counselor writes a novel hoping to find closure for one of his past unresolved homicide cases and for his unreciprocated love with his superior - both of which still haunt him decades later.,Juan José Campanella ,"Ricardo Darín, Soledad Villamil, Pablo Rago, Carla Quevedo",214882,$6.39M
183,184,Incendies,2010,131 min,"Drama, Mystery            ",8.3,s journey to the Middle East to discover their family history and fulfill their mother's last wishes.,Denis Villeneuve ,"Lubna Azabal, Mélissa Désormeaux-Poulin, Maxim Gaudette, Mustafa Kamel",185361,$6.86M
184,185,Chinatown,1974,130 min,"Drama, Mystery, Thriller            ",8.2,"ivate detective hired to expose an adulterer in 1930s Los Angeles finds himself caught up in a web of deceit, corruption, and murder.",Roman Polanski ,"Jack Nicholson, Faye Dunaway, John Huston, Perry Lopez",335977,$8.49M
185,186,The Great Escape,1963,172 min,"Adventure, Drama, History            ",8.2,ed prisoners of war plan for several hundred of their number to escape from a German camp during World War II.,John Sturges ,"Steve McQueen, James Garner, Richard Attenborough, Charles Bronson",250359,$12.10M
186,187,Tonari no Totoro,1988,86 min,"Animation, Comedy, Family            ",8.1," two girls move to the country to be near their ailing mother, they have adventures with the wondrous forest spirits who live nearby.",Hayao Miyazaki ,"Hitoshi Takagi, Noriko Hidaka, Chika Sakamoto, Shigesato Itoi",355004,$1.11M
187,188,Det sjunde inseglet,1957,96 min,"Drama, Fantasy            ",8.1,"ight returning to Sweden after the Crusades seeks answers about life, death, and the existence of God as he plays chess against the Grim Reaper during the Black Plague.",Ingmar Bergman ,"Max von Sydow, Gunnar Björnstrand, Bengt Ekerot, Nils Poppe",190650,
188,189,On the Waterfront,1954,108 min,"Crime, Drama, Thriller            ",8.1,"x-prize fighter turned New Jersey longshoreman struggles to stand up to his corrupt union bosses, including his older brother, as he starts to connect with the grieving sister of one of the syndicate's victims.",Elia Kazan ,"Marlon Brando, Karl Malden, Lee J. Cobb, Rod Steiger",159124,$9.60M
189,190,The Bridge on the River Kwai,1957,161 min,"Adventure, Drama, War            ",8.1,"ish POWs are forced to build a railway bridge across the river Kwai for their Japanese captors in occupied Burma, not knowing that the allied forces are planning a daring commando raid through the jungle to destroy it.",David Lean ,"William Holden, Alec Guinness, Jack Hawkins, Sessue Hayakawa",226383,$44.91M
190,191,Ran,1985,162 min,"Action, Drama, War            ",8.2,"edieval Japan, an elderly warlord retires, handing over his empire to his three sons. However, he vastly underestimates how the new-found power will corrupt them and cause them to turn on each other...and him.",Akira Kurosawa ,"Tatsuya Nakadai, Akira Terao, Jinpachi Nezu, Daisuke Ryû",129879,$4.14M
191,192,Rebecca,1940,130 min,"Drama, Film-Noir, Mystery            ",8.1,lf-conscious woman juggles adjusting to her new role as an aristocrat's wife and avoiding being intimidated by his first wife's spectral presence.,Alfred Hitchcock ,"Laurence Olivier, Joan Fontaine, George Sanders, Judith Anderson",141327,$4.36M
192,193,Mary and Max.,2009,92 min,"Animation, Comedy, Drama            ",8.1,"le of friendship between two unlikely pen pals: Mary, a lonely, eight-year-old girl living in the suburbs of Melbourne, and Max, a forty-four-year old, severely obese man living in New York.",Adam Elliot ,"Toni Collette, Philip Seymour Hoffman, Eric Bana, Barry Humphries",181390,
193,194,Dial M for Murder,1954,105 min,"Crime, Thriller            ",8.2,rmer tennis star arranges the murder of his adulterous wife.,Alfred Hitchcock ,"Ray Milland, Grace Kelly, Robert Cummings, John Williams",181407,$0.01M
194,195,Mr. Smith Goes to Washington,1939,129 min,"Comedy, Drama            ",8.1,"ive youth leader is appointed to fill a vacancy in the U.S. Senate. His idealistic plans promptly collide with corruption at home and subterfuge from his hero in Washington, but he tries to forge ahead despite attacks on his character.",Frank Capra ,"James Stewart, Jean Arthur, Claude Rains, Edward Arnold",117966,$9.60M
195,196,It Happened One Night,1934,105 min,"Comedy, Romance            ",8.1,"negade reporter trailing a young runaway heiress for a big story joins her on a bus heading from Florida to New York, and they end up stuck with each other when the bus leaves them behind at one of the stops.",Frank Capra ,"Clark Gable, Claudette Colbert, Walter Connolly, Roscoe Karns",107796,$4.36M
196,197,Smultronstället,1957,91 min,"Drama, Romance            ",8.1,"r living a life marked by coldness, an aging professor is forced to confront the emptiness of his existence.",Ingmar Bergman ,"Victor Sjöström, Bibi Andersson, Ingrid Thulin, Gunnar Björnstrand",110459,
197,198,Le salaire de la peur,1953,131 min,"Adventure, Drama, Thriller            ",8.2," decrepit South American village, four men are hired to transport an urgent nitroglycerine shipment without the equipment that would make it safe.",Henri-Georges Clouzot ,"Yves Montand, Charles Vanel, Peter van Eyck, Folco Lulli",63478,
198,199,The Gold Rush,1925,95 min,"Adventure, Comedy, Drama            ",8.1,"ospector goes to the Klondike during the 1890s gold rush in hopes of making his fortune, and is smitten with a girl he sees in a dance hall.",Charles Chaplin ,"Charles Chaplin, Mack Swain, Tom Murray, Henry Bergman",114336,$5.45M
199,200,The General,1926,78 min,"Action, Adventure, Comedy            ",8.1,"r being rejected by the Confederate military, not realizing it was due to his crucial civilian role, an engineer must single-handedly recapture his beloved locomotive after it is seized by Union spies and return it through enemy lines.","Clyde Bruckman, Buster Keaton ","Buster Keaton, Marion Mack, Glen Cavender, Jim Farley",94294,$1.03M
200,201,Le notti di Cabiria,1957,110 min,Drama            ,8.1,ifish prostitute wanders the streets of Rome looking for true love but finds only heartbreak.,Federico Fellini ,"Giulietta Masina, François Périer, Franca Marzi, Dorian Gray",50535,$0.75M
201,202,Guardians of the Galaxy Vol. 2,2017,136 min,"Action, Adventure, Comedy            ",7.6,"Guardians struggle to keep together as a team while dealing with their personal family issues, notably Star-Lord's encounter with his father, the ambitious celestial being Ego.",James Gunn ,"Chris Pratt, Zoe Saldana, Dave Bautista, Vin Diesel",721136,$389.81M
202,203,Star Wars: Episode VII - The Force Awakens,2015,138 min,"Action, Adventure, Sci-Fi            ",7.8," new threat to the galaxy rises, Rey, a desert scavenger, and Finn, an ex-stormtrooper, must join Han Solo and Chewbacca to search for the one hope of restoring peace.",J.J. Abrams ,"Daisy Ridley, John Boyega, Oscar Isaac, Domhnall Gleeson",949781,$936.66M
203,204,Mad Max: Fury Road,2015,120 min,"Action, Adventure, Sci-Fi            ",8.1," post-apocalyptic wasteland, a woman rebels against a tyrannical ruler in search for her homeland with the aid of a group of female prisoners, a psychotic worshiper and a drifter named Max.",George Miller ,"Tom Hardy, Charlize Theron, Nicholas Hoult, Zoë Kravitz",1034708,$154.06M
204,205,No Country for Old Men,2007,122 min,"Crime, Drama, Thriller            ",8.2,ence and mayhem ensue after a hunter stumbles upon a drug deal gone wrong and more than two million dollars in cash near the Rio Grande.,"Ethan Coen, Joel Coen ","Tommy Lee Jones, Javier Bardem, Josh Brolin, Woody Harrelson",1006325,$74.28M
205,206,Gone Girl,2014,149 min,"Drama, Mystery, Thriller            ",8.1," his wife's disappearance having become the focus of an intense media circus, a man sees the spotlight turned on him when it's suspected that he may not be innocent.",David Fincher ,"Ben Affleck, Rosamund Pike, Neil Patrick Harris, Tyler Perry",1012973,$167.77M
206,207,Prisoners,2013,153 min,"Crime, Drama, Mystery            ",8.1," Keller Dover's daughter and her friend go missing, he takes matters into his own hands as the police pursue multiple leads and the pressure mounts.",Denis Villeneuve ,"Hugh Jackman, Jake Gyllenhaal, Viola Davis, Melissa Leo",752128,$61.00M
207,208,What Ever Happened to Baby Jane?,1962,134 min,"Drama, Horror, Thriller            ",8,rmer child star torments her paraplegic sister in their decaying Hollywood mansion.,Robert Aldrich ,"Bette Davis, Joan Crawford, Victor Buono, Wesley Addy",59066,$4.05M
208,209,Spotlight,I) (,129 min,"Biography, Crime, Drama            ",8.1,"true story of how the Boston Globe uncovered the massive scandal of child molestation and cover-up within the local Catholic Archdiocese, shaking the entire Catholic Church to its core.",Tom McCarthy ,"Mark Ruffalo, Michael Keaton, Rachel McAdams, Liev Schreiber",484079,$45.06M
209,210,The Princess Bride,1987,98 min,"Adventure, Comedy, Family            ",8,"dridden boy's grandfather reads him the story of a farmboy-turned-pirate who encounters numerous obstacles, enemies and allies in his quest to be reunited with his true love.",Rob Reiner ,"Cary Elwes, Mandy Patinkin, Robin Wright, Chris Sarandon",437353,$30.86M
210,211,Donnie Darko,2001,113 min,"Drama, Mystery, Sci-Fi            ",8,"r narrowly escaping a bizarre accident, a troubled teenager is plagued by visions of a man in a large rabbit suit who manipulates him to commit a series of crimes.",Richard Kelly ,"Jake Gyllenhaal, Jena Malone, Mary McDonnell, Holmes Osborne",822143,$1.48M
211,212,Stand by Me,1986,89 min,"Adventure, Drama            ",8.1,"r the death of one of his friends, a writer recounts a childhood journey with his friends to find the body of a missing boy.",Rob Reiner ,"Wil Wheaton, River Phoenix, Corey Feldman, Jerry O'Connell",419555,$52.29M
212,213,Into the Wild,2007,148 min,"Adventure, Biography, Drama            ",8.1,"r graduating from Emory University, top student and athlete Christopher McCandless abandons his possessions, gives his entire $24,000 savings account to charity and hitchhikes to Alaska to live in the wilderness. Along the way, Christopher encounters a series of characters that shape his life.",Sean Penn ,"Emile Hirsch, Vince Vaughn, Catherine Keener, Marcia Gay Harden",637059,$18.35M
213,214,The Sixth Sense,1999,107 min,"Drama, Mystery, Thriller            ",8.2,"olm Crowe, a child psychologist, starts treating a young boy, Cole, who encounters dead people and convinces him to help them. In turn, Cole helps Malcolm reconcile with his estranged wife.",M. Night Shyamalan ,"Bruce Willis, Haley Joel Osment, Toni Collette, Olivia Williams",1014324,$293.51M
214,215,Shutter Island,2010,138 min,"Mystery, Thriller            ",8.2,"y Daniels and Chuck Aule, two US marshals, are sent to an asylum on a remote island in order to investigate the disappearance of a patient, where Teddy uncovers a shocking truth about the place.",Martin Scorsese ,"Leonardo DiCaprio, Emily Mortimer, Mark Ruffalo, Ben Kingsley",1369011,$128.01M
215,216,The Grand Budapest Hotel,2014,99 min,"Adventure, Comedy, Crime            ",8.1,"iter encounters the owner of an aging high-class hotel, who tells him of his early years serving as a lobby boy in the hotel's glorious years under an exceptional concierge.",Wes Anderson ,"Ralph Fiennes, F. Murray Abraham, Mathieu Amalric, Adrien Brody",843767,$59.10M
216,217,The Help,2011,146 min,Drama            ,8.1,"spiring author during the civil rights movement of the 1960s decides to write a book detailing the African American maids' point of view on the white families for which they work, and the hardships they go through on a daily basis.",Tate Taylor ,"Viola Davis, Emma Stone, Octavia Spencer, Bryce Dallas Howard",474342,$169.71M
217,218,There Will Be Blood,2007,158 min,Drama            ,8.2,"ory of family, religion, hatred, oil and madness, focusing on a turn-of-the-century prospector in the early days of the business.",Paul Thomas Anderson ,"Daniel Day-Lewis, Paul Dano, Ciarán Hinds, Martin Stringer",606555,$40.22M
218,219,Catch Me If You Can,2002,141 min,"Biography, Crime, Drama            ",8.1,"ly 21 yet, Frank is a skilled forger who has passed as a doctor, lawyer and pilot. FBI agent Carl becomes obsessed with tracking down the con man, who only revels in the pursuit.",Steven Spielberg ,"Leonardo DiCaprio, Tom Hanks, Christopher Walken, Martin Sheen",1027849,$164.62M
219,220,12 Years a Slave,2013,134 min,"Biography, Drama, History            ",8.1,"he antebellum United States, Solomon Northup, a free black man from upstate New York, is abducted and sold into slavery.",Steve McQueen ,"Chiwetel Ejiofor, Michael Kenneth Williams, Michael Fassbender, Brad Pitt",718071,$56.67M
220,221,The Wizard of Oz,1939,102 min,"Adventure, Family, Fantasy            ",8.1,"g Dorothy Gale and her dog Toto are swept away by a tornado from their Kansas farm to the magical Land of Oz, and embark on a quest with three new friends to see the Wizard, who can return her to her home and fulfill the others' wishes.","Victor Fleming, George Cukor, Mervyn LeRoy, Norman Taurog, Richard Thorpe, King Vidor ","Judy Garland, Frank Morgan, Ray Bolger, Bert Lahr",412035,$2.08M
221,222,Rush,I) (,123 min,"Action, Biography, Drama            ",8.1,merciless 1970s rivalry between Formula One rivals James Hunt and Niki Lauda.,Ron Howard ,"Daniel Brühl, Chris Hemsworth, Olivia Wilde, Alexandra Maria Lara",493058,$26.95M
222,223,The Truman Show,1998,103 min,"Comedy, Drama            ",8.2,nsurance salesman discovers his whole life is actually a reality TV show.,Peter Weir ,"Jim Carrey, Ed Harris, Laura Linney, Noah Emmerich",1123360,$125.62M
223,224,Platoon,1986,120 min,"Drama, War            ",8.1,"s Taylor, a neophyte recruit in Vietnam, finds himself caught in a battle of wills between two sergeants, one good and the other evil. A shrewd examination of the brutality of war and the duality of man in conflict.",Oliver Stone ,"Charlie Sheen, Tom Berenger, Willem Dafoe, Keith David",424664,$138.53M
224,225,Million Dollar Baby,2004,132 min,"Drama, Sport            ",8.1,"kie, an ill-tempered old coach, reluctantly agrees to train aspiring boxer Maggie. Impressed with her determination and talent, he helps her become the best and the two soon form a close bond.",Clint Eastwood ,"Hilary Swank, Clint Eastwood, Morgan Freeman, Jay Baruchel",701825,$100.49M
225,226,The Bourne Ultimatum,2007,115 min,"Action, Mystery, Thriller            ",8,n Bourne dodges a ruthless C.I.A. official and his Agents from a new assassination program while searching for the origins of his life as a trained killer.,Paul Greengrass ,"Matt Damon, Edgar Ramírez, Joan Allen, Julia Stiles",645450,$227.47M
226,227,Stalker,1979,162 min,"Drama, Sci-Fi            ",8.1,ide leads two men through an area known as the Zone to find a room that grants wishes.,Andrei Tarkovsky ,"Alisa Freyndlikh, Aleksandr Kaydanovskiy, Anatoliy Solonitsyn, Nikolay Grinko",139011,$0.23M
227,228,Relatos salvajes,2014,122 min,"Comedy, Drama, Thriller            ",8.1,short stories that explore the extremities of human behavior involving people in distress.,Damián Szifron ,"Darío Grandinetti, María Marull, Mónica Villa, Diego Starosta",206360,$3.11M
228,229,Hachi: A Dog's Tale,2009,93 min,"Biography, Drama, Family            ",8.1,llege professor bonds with an abandoned dog he takes into his home.,Lasse Hallström ,"Richard Gere, Joan Allen, Cary-Hiroyuki Tagawa, Sarah Roemer",296424,
229,230,How to Train Your Dragon,2010,98 min,"Animation, Action, Adventure            ",8.1,"pless young Viking who aspires to hunt dragons becomes the unlikely friend of a young dragon himself, and learns there may be more to the creatures than he assumed.","Dean DeBlois, Chris Sanders ","Jay Baruchel, Gerard Butler, Christopher Mintz-Plasse, Craig Ferguson",765170,$217.58M
230,231,Annie Hall,1977,93 min,"Comedy, Romance            ",8," Singer, a divorced Jewish comedian, reflects on his relationship with ex-lover Annie Hall, an aspiring nightclub singer, which ended abruptly just like his previous marriages.",Woody Allen ,"Woody Allen, Diane Keaton, Tony Roberts, Carol Kane",270913,$39.20M
231,232,Ben-Hur,1959,212 min,"Adventure, Drama            ",8.1,"r a Jewish prince is betrayed and sent into slavery by a Roman friend in 1st-century Jerusalem, he regains his freedom and comes back for revenge.",William Wyler ,"Charlton Heston, Jack Hawkins, Stephen Boyd, Haya Harareet",245896,$74.70M
232,233,Before Sunrise,1995,101 min,"Drama, Romance            ",8.1,"ung man and woman meet on a train in Europe, and wind up spending one evening together in Vienna. Unfortunately, both know that this will probably be their only night together.",Richard Linklater ,"Ethan Hawke, Julie Delpy, Andrea Eckert, Hanno Pöschl",322227,$5.54M
233,234,Fa yeung nin wah,2000,98 min,"Drama, Romance            ",8.1,"neighbors form a strong bond after both suspect extramarital activities of their spouses. However, they agree to keep their bond platonic so as not to commit similar wrongs.",Kar-Wai Wong ,"Tony Leung Chiu-wai, Maggie Cheung, Siu Ping-Lam, Tung Cho 'Joe' Cheung",157669,$2.73M
234,235,Hotel Rwanda,2004,121 min,"Biography, Drama, History            ",8.1," Rusesabagina, a hotel manager, houses over a thousand Tutsi refugees during their struggle against the Hutu militia in Rwanda, Africa.",Terry George ,"Don Cheadle, Sophie Okonedo, Joaquin Phoenix, Xolani Mali",362819,$23.53M
235,236,Butch Cassidy and the Sundance Kid,1969,110 min,"Biography, Crime, Drama            ",8,"ing, early 1900s. Butch Cassidy and The Sundance Kid are the leaders of a band of outlaws. After a train robbery goes wrong they find themselves on the run with a posse hard on their heels. Their solution - escape to Bolivia.",George Roy Hill ,"Paul Newman, Robert Redford, Katharine Ross, Strother Martin",221345,$102.31M
236,237,Gandhi,1982,191 min,"Biography, Drama, History            ",8,life of the lawyer who became the famed leader of the Indian revolts against the British rule through his philosophy of nonviolent protest.,Richard Attenborough ,"Ben Kingsley, John Gielgud, Rohini Hattangadi, Roshan Seth",236549,$52.77M
237,238,Barry Lyndon,1975,185 min,"Adventure, Drama, War            ",8.1,rish rogue wins the heart of a rich widow and assumes her dead husband's aristocratic position in 18th-century England.,Stanley Kubrick ,"Ryan O'Neal, Marisa Berenson, Patrick Magee, Hardy Krüger",174589,
238,239,Salinui chueok,2003,131 min,"Crime, Drama, Mystery            ",8.1," small Korean province in 1986, two detectives struggle with the case of multiple young women being found raped and murdered by an unknown culprit.",Bong Joon Ho ,"Song Kang-ho, Kim Sang-kyung, Roe-ha Kim, Jae-ho Song",197590,$0.01M
239,240,Life of Brian,1979,94 min,Comedy            ,8," on the original Christmas in the stable next door to Jesus Christ, Brian of Nazareth spends his life being mistaken for a messiah.",Terry Jones ,"Graham Chapman, John Cleese, Michael Palin, Terry Gilliam",410294,$20.05M
240,241,Mou gaan dou,2002,101 min,"Action, Crime, Drama            ",8,"ory between a mole in the police department and an undercover cop. Their objectives are the same: to find out who is the mole, and who is the cop.","Andrew Lau, Alan Mak ","Andy Lau, Tony Leung Chiu-wai, Anthony Chau-Sang Wong, Eric Tsang",127962,$0.17M
241,242,La haine,1995,98 min,"Crime, Drama            ",8.1,ours in the lives of three young men in the French suburbs the day after a violent riot.,Mathieu Kassovitz ,"Vincent Cassel, Hubert Koundé, Saïd Taghmaoui, Abdel Ahmed Ghili",182590,$0.31M
242,243,In the Name of the Father,1993,133 min,"Biography, Crime, Drama            ",8.1,n's coerced confession to an I.R.A. bombing he did not commit results in the imprisonment of his father as well. An English lawyer fights to free them.,Jim Sheridan ,"Daniel Day-Lewis, Pete Postlethwaite, Alison Crosbie, Philip King",180507,$25.01M
243,244,Amores perros,2000,154 min,"Drama, Thriller            ",8.1,"rrific car accident connects three stories, each involving characters dealing with loss, regret, and life's harsh realities, all in the name of love.",Alejandro G. Iñárritu ,"Emilio Echevarría, Gael García Bernal, Goya Toledo, Álvaro Guerrero",246088,$5.38M
244,245,Network,1976,121 min,Drama            ,8.1,"levision network cynically exploits a deranged former anchor's ravings and revelations about the news media for its own profit, but finds that his message may be difficult to control.",Sidney Lumet ,"Faye Dunaway, William Holden, Peter Finch, Robert Duvall",164122,
245,246,Kaze no tani no Naushika,1984,117 min,"Animation, Adventure, Sci-Fi            ",8,ior and pacifist Princess Nausicaä desperately struggles to prevent two warring nations from destroying themselves and their dying planet.,Hayao Miyazaki ,"Sumi Shimamoto, Mahito Tsujimura, Hisako Kyôda, Gorô Naya",174698,$0.50M
246,247,The Maltese Falcon,1941,100 min,"Crime, Film-Noir, Mystery            ",8,"Francisco private detective Sam Spade takes on a case that involves him with three eccentric criminals, a gorgeous liar and their quest for a priceless statuette, with the stakes rising after his partner is murdered.",John Huston ,"Humphrey Bogart, Mary Astor, Gladys George, Peter Lorre",162781,$2.11M
247,248,Persona,1966,85 min,"Drama, Thriller            ",8.1,rse is put in charge of a mute actress and finds that their personae are melding together.,Ingmar Bergman ,"Bibi Andersson, Liv Ullmann, Margaretha Krook, Gunnar Björnstrand",124328,
248,249,The Grapes of Wrath,1940,129 min,Drama            ,8.1,"klahoma family, driven off their farm by the poverty and hopelessness of the Dust Bowl, joins the westward migration to California, suffering the misfortunes of the homeless in the Great Depression.",John Ford ,"Henry Fonda, Jane Darwell, John Carradine, Charley Grapewin",96532,$0.06M
249,250,Jaws,1975,124 min,"Adventure, Mystery, Thriller            ",8.1," a killer shark unleashes chaos on a beach community off Cape Cod, it's up to a local sheriff, a marine biologist, and an old seafarer to hunt the beast down.",Steven Spielberg ,"Roy Scheider, Robert Shaw, Richard Dreyfuss, Lorraine Gary",627950,$260.00M
